x1,x2,x3,y
-2.90259969748724,-2.02668569127449,-2.49019063569215,4.1240693051368
-3.20006599552876,-3.50842261107293,-2.22452066528096,4.97699119709432
-3.55640709418202,-5.05772579290776,-2.62158771476614,6.58282690681517
-1.16534410042502,-2.74606063589521,-2.39156176482591,9.26566231995821
-2.88704599939787,-1.03083612509227,-2.46678147736163,3.61345544829965
-0.399466650999718,-2.64395429597509,-2.23573714144744,9.18711747974157
-2.36004757445806,-1.20008995054566,-3.67728633497285,9.55740214884281
-2.93060477438671,-3.72644141792716,-4.70893088997216,7.28638233989477
-2.08742978543959,-5.28774161176342,-3.70686587908447,7.03291235119104
-1.66329984741582,-1.71231713883552,1.80284427819698,2.49429016374052
-4.31144384356279,-1.99653200076846,-2.5090763172492,3.64779659919441
-3.4229017360473,-1.37116920908772,-1.7244989614001,3.41245402023196
-3.47792196640121,-3.86643087972175,-5.45480639963793,7.49618277326226
-3.40990605359127,-2.92801805689619,-2.22114775154994,5.0728297457099
-2.80067837394103,-2.67117894416136,-4.40286172582851,8.15873135998845
-5.29753186232169,-3.19068906549045,-2.75129377493059,5.98159393668175
-3.36656531384597,-2.76951280420093,-6.3329575417981,7.74094806611538
-1.88324489689285,-0.522524859218523,-2.93544393231714,9.93524875864387
-3.45079634364842,-3.11756439945563,-2.5899423948806,5.04028143547475
-2.0140635538282,-1.99929248379544,-4.61683497182675,8.21956177055836
-1.93163057511721,-2.53711656127388,-3.05814259277762,9.47764184884727
-3.19520046412131,-1.19256486046329,-2.58125827946516,3.69714017026126
-3.08691251701342,-3.72703507597062,-4.34486585795521,7.21339012868702
-1.94629442555473,-2.47980905255907,0.458229837024752,3.00444076769054
-2.93170243536994,-2.72329336799062,-1.71160122777481,4.13776534982026
-4.16634992306236,-3.14529759438219,-2.9584827722973,5.08891274034977
-1.863208745333,-0.124842258837888,2.54639929658312,2.10712266527116
-2.90357821484532,-3.12501134102327,-1.66414348014399,5.05910365656018
-0.622157476729581,-3.20747313238609,-2.76000108270116,8.95752676576376
-2.45173042355711,-2.54136374349909,-1.15236672003769,4.72279197350144
-6.09350762997116,-2.69198333499648,-3.33520050089906,5.85664092376828
-2.14353650733252,-5.21890903297239,-2.89221759312849,6.79652660340071
-5.43675351943824,-4.17856742908661,-3.13852150146901,5.94833045639098
-3.3474227532106,-0.767479953657767,-1.87746230437161,3.48974081128836
-0.742403578383321,-2.65614654832844,-2.65279099760948,8.6189865488559
-3.22195941819083,-4.18354833533269,-4.68697667904459,7.34773390553892
-2.00509941492319,-3.01232361243741,-4.30469543099534,8.35391888581216
-1.14591613030013,-1.58859481266439,0.621190492043285,2.86354900710285
-2.94055098386123,-2.60341970768527,-6.67503296035282,7.78968756832182
-4.47805960308258,-2.26591805488768,-2.58370399012389,5.29019543714821
-1.69732282264117,-2.91623627978868,-3.12247011552462,8.56757035292685
-2.5445923545637,-4.7895206369036,-3.439315626664,7.1764815505594
-2.17013685525863,-2.91637763972321,-4.56053462222958,8.26346209831536
-3.65837490087352,-5.47849317862831,-2.25663040542413,6.42429049313068
-3.94164989307995,-4.98078187156671,-2.56442631427589,6.23775664158165
-2.26203268433528,-2.87864498791931,-4.61652148132953,8.31484985351562
-1.91173250826722,-0.493277455790203,2.78190560536334,2.18664961867034
-5.43234483567702,-2.85839186286323,-2.64764273626641,5.81784052029252
-4.01627809561311,-2.29940127441168,-6.01189883793869,7.8585099093616
-2.97518362510907,-3.02818336044253,-5.28288151207687,7.5418524518609
-5.44675267668414,-2.79969036534459,-3.01766592464216,5.82095697708428
-1.02227456024964,-3.08608708363376,-2.62768953042756,8.8896758146584
-5.64136633543925,-1.9360235902864,-2.88748277484243,5.50477685779333
-3.31823995750061,-1.77656778443073,-1.89710143698088,3.95837821625173
-0.600514694767888,-1.81915215826437,1.89563704319348,2.5654323771596
-1.80480470034577,-2.11906962959461,1.50400885075719,2.79572928138077
-3.37519618464293,-2.52468687560008,-1.32747777022119,4.530173657462
-4.51117813232113,-3.69985014697335,-2.70856602831736,6.14907410554588
-3.04448423979931,-4.61186500223669,-4.82325388977638,7.2960406113416
-4.40397305516372,-2.91746867657301,-2.75611848849231,5.25464149750769
-1.73008652356423,-2.17331108814988,-2.83338640928594,9.30300739407539
-2.61048988753208,-3.03494911717679,-1.21476903450241,4.34882698208094
-5.30565969037574,-2.53063822603164,-3.23597618477645,5.67252581007779
-2.68913924663154,-3.03797892690363,-1.71260546718869,4.65915739350021
-2.96738855232274,-4.91014596165022,-4.37994669468645,7.20696373656392
-2.58369036697545,-2.96555453208295,-2.12457823112083,4.06413424573839
-5.73989885732159,-1.8708255716975,-3.78943158367862,5.82836198620498
-2.76786128462239,-2.46001195435767,-4.11357717742896,8.13048536516726
-1.55626202757683,-1.87884460983412,1.94601291357969,2.67397531494498
-0.529940178506232,-3.07858888902941,-2.69663771698893,9.00257064029574
-2.89555417870723,-3.27472443582681,-1.43702183065467,4.71258350275457
-0.843464220962973,-4.06203228067784,-2.89890987803053,8.71552280150354
-2.25572669702806,-3.15888487115593,-1.49930811902889,4.77346791327
-2.64824072432661,-3.11983260961612,-1.37871677140627,4.67019944638014
-5.31135874988618,-3.00615931713648,-3.5390885677118,5.81080996058881
-0.578177144694557,-2.8996622962737,-2.79042787891796,9.13758668676019
-0.683964135046479,-2.54073230314538,-2.81943222185403,8.91471576504409
-2.80873710282995,-2.7520543152654,-2.680418530839,5.11991634778678
-3.2775831104056,-2.84093374341642,-4.31584265557322,8.21856559067965
-2.49378511109642,-1.09909571139452,-3.41267177287953,9.68494397774339
-5.65377126726639,-3.00986365489407,-2.56187895815627,5.47727587819099
-3.13385072383829,-2.3044791144718,-5.56854228588092,7.70011742971838
-3.32605746153411,-3.58011103856839,-2.22226039968688,5.19995495118201
-1.76243434218004,-3.67895808402347,-1.42999591484199,4.60281721502542
-2.6619660921886,-2.2963740966805,-6.0682760395337,8.05669718421996
-2.93669460464447,-0.791737320224426,-2.23363666719572,3.62153804115951
-3.25818552021617,-3.49059847804828,-5.15400722473174,7.68896977975965
-1.75621401734031,-1.84513264974965,0.547031507208809,2.97353536821902
-3.00334825020101,-1.78079910942915,-2.28098399326911,3.96390811167657
-2.73316781121476,-1.73277889055501,-0.276405618673755,3.14643503539264
-3.32194701168974,-2.04291905675304,-2.17767330659183,3.91703532077372
-1.27961569028639,-2.23004848713665,2.039358610593,2.47147501818836
-2.08500183154106,-4.81741547325251,-3.03243926164324,7.1383060682565
-1.30574760175316,-2.4585548124343,-2.62914163900897,9.01015370152891
-3.30567217487155,-3.35186450582198,-5.10405573858082,8.23131741955876
-1.74964636195719,-3.37481410444879,-4.39240795361465,8.37847060710192
-5.86554115015984,-1.7901255701286,-3.08603914764667,5.64219562895596
-4.48814223398919,-3.17785362411376,-2.21855966069003,5.28067265637219
-1.38744186090621,-4.13227577219419,-2.96652277402037,8.48696194216609
-2.87161657881925,-5.62560276058418,-2.70670448516127,6.83946632221341
-2.90144996266364,-4.33120252407957,-3.74947270686113,7.23779142461717
-2.07184304575508,-3.27285431353329,-1.2558994589759,4.82557817548513
-2.66385561332007,-2.82103428205435,-1.64968949696626,4.16208116710186
-1.80713198707062,-0.763193218968903,-3.03154038761765,9.9414724893868
-2.63028185417331,-5.20472997590824,-2.7886995864353,7.06794611550868
-3.76671631492956,-0.979879210172634,-3.28067007619559,3.70566508173943
-2.71401031312496,-1.84215991872291,0.308081185283715,3.03497878462076
-5.73248118641466,-2.39415941447019,-3.43956798512457,5.82494427450001
-0.639937036541789,-1.88662003509729,-3.67114049677994,9.39259575866163
-2.53070600743511,-5.49388102534698,-2.88314726255175,6.79008773714304
-2.04864061128633,-0.718384206023875,-3.22695005435202,9.80936555936933
-3.00606381503265,-3.46952536972096,-5.80224200883156,7.85434009507298
-2.88835273624838,-3.05215863948271,-1.24191304105509,4.85381529666483
-5.57254610780852,-3.02972104949398,-2.83797617447323,5.45178952440619
-1.4651356742525,-1.48838494131873,-1.04022814838882,3.1856924854219
-1.98053121625501,0.378355684190567,3.14294963013238,2.10462060384452
-3.31949605731072,-2.90346062481229,-5.32775069541163,7.72452852874994
-2.28774750504102,-2.6166073541958,0.841166708336113,2.82547388598323
-5.48307202588354,-2.46742150107491,-3.3520885283335,5.57027478888631
-2.72288380080356,-4.3107796109838,-2.96073517606851,7.12080836109817
-2.13584493941585,-0.862866005155212,-2.85228377373394,9.93470896035433
-6.14609858939896,-2.98190415146128,-2.78883935488236,5.96474862284958
-4.88166736794704,-3.00302927348837,-2.54057096660945,5.87479619495571
-2.29805162345871,-1.50229850288117,-1.5284026631097,3.38753867894411
-2.61534815121373,-2.61062841281703,-5.12254343744319,8.0385675560683
-5.95946323293391,-3.07652666773537,-2.86097601734118,5.63116391375661
-4.77403244769496,-3.00068136819084,-2.98186421610969,6.0893582701683
-3.4028817757625,-1.42421303087505,-2.13307525157181,3.66036090627313
-3.40363671018758,-2.37963537147565,-2.50336077215719,3.82926514185965
-2.10868049899439,-5.66429799190395,-2.89496582555411,6.76569597050548
-3.52466177392728,-5.54926178859275,-2.45175951971354,6.59897758625448
-1.45320728157245,-2.94928007177277,1.86990216246142,2.61651504226029
-1.73267635639358,-0.290332077295653,2.98487787337104,2.28432463668287
-2.63910617080886,-5.3092468351834,-3.97147549101883,7.14236393757164
-2.15356537086896,-2.45479433309017,-3.32958506850127,9.42892159707844
-2.9077861419066,-5.47730254509295,-2.95706802310999,6.78473937883973
-3.12987353345541,-4.72359374154058,-2.01309106210433,6.4872059840709
-4.40855022348155,-4.07434387916056,-2.95740315542191,6.2082217913121
-2.48041805977153,-0.84902046384733,-3.35227673076077,9.88076179102063
-4.93282041162365,-3.82435545462515,-3.07664847906797,6.06113457866013
-4.02882692714378,-3.13051121392667,-5.24390479410642,7.46230462938547
-2.72899162962164,-5.52490378196101,-1.97799419736557,6.81232974119484
-2.92540387335602,-1.73629192706432,-1.91793065980075,3.91094942204654
-3.28424947030916,-1.90198244747431,-2.18851097001463,4.06532741338015
-3.16921715073925,-2.17116326838203,-5.51568338375728,7.83447698689997
-6.13598880028376,-2.7303493657135,-3.18458379323593,5.62056665122509
-2.689142237598,-1.08469925060707,-1.18359625908601,3.40101414732635
-3.73948357210206,-2.92238837370939,-5.53414185406965,7.9735861569643
-1.73271507930769,-1.38875695951281,1.58153008368641,2.83990112319589
-1.01529406521878,-2.89352365236125,-2.05608600896384,8.91635959222913
-2.5015109180576,-5.5446335709884,-2.10673152912409,6.91715977340937
-3.86188494529234,-5.22903957530628,-2.5007411987971,6.4572763107717
-1.70852863993459,-3.38076814207094,-1.23150321368793,4.6302185524255
-6.07947564448739,-2.87916517873025,-2.79657102238929,5.62505156360567
-5.23028880890879,-3.14616303971715,-2.99081291133397,6.00352778099477
-4.28129287236591,-1.0057074550913,-1.718817433684,3.44693088904023
-4.47111883727404,-4.32767197435624,-2.20966481656913,6.23704482242465
-1.03474667058801,-2.53474103012289,2.48953996688787,2.60220596566796
-3.21653379356143,-3.28259424739619,-1.55113210207192,4.22204746119678
-3.02987581521892,-1.11501623631353,-2.97037468886088,3.70159615390003
-2.5659437070248,-2.63678413828992,-1.49093892124459,4.27832384780049
-0.610295497900153,-2.7189646305333,-2.21607811604718,9.16075282357633
-5.72019973003109,-2.65339262731341,-3.45732712820777,5.5698825865984
-2.82595373271974,-2.66446023605986,-5.38313297752475,8.23987911827862
-1.60934429243904,-3.42951190652337,-2.44894520653801,9.04495227895677
-4.54850750918388,-3.2493337201702,-3.0810576699708,5.3049936760217
-1.75003374511494,-2.58293261621525,2.30702720411652,2.51046784408391
-2.19611405321133,-3.45429806882271,-1.36409405311844,4.68389993347228
-3.15287137684892,-2.30346716498666,-6.1312807690859,7.78980757296085
-1.61034666509128,-3.02590143173074,-1.41185167595774,4.70092266798019
-3.02082420914501,-5.44014177533758,-3.52423727788966,7.04331297986209
-0.691978894185019,-2.63280941825956,-2.8118400417269,8.72491643205285
-1.18287391911546,-3.6017723398416,-2.77975899932146,8.84905331768095
-4.24686988027995,-3.12027834519213,-2.56106493351028,5.13087424822152
-3.08893832483411,-3.34408816843018,-2.36776596791122,5.04395108483732
-1.57781942508502,-2.56411619723478,-1.94413668532901,9.16356340795755
-3.08280091381133,-5.51501075538913,-3.52487151870883,7.15452610328794
-3.35447676427543,-2.05015129224757,-5.38738569106599,7.92862918972969
-2.47953184792522,-5.14728847162673,-2.02145494645407,6.84242757223547
-1.49575599129725,-2.08602932397392,-3.10471878126851,9.22465289197862
-2.16903391807508,-2.96207989976696,-1.10832154948689,4.34984124079347
-3.69440144907322,-0.751200097477933,-2.46206883303122,3.53008087910712
-0.842243614789045,-2.59297245870176,-2.78849962890168,9.09160754643381
-5.20786772806109,-2.87081187346034,-2.86994301520558,6.02671588584781
-1.31830266586617,-2.85925414245128,-2.76610278308764,9.01646034419537
-3.36770293256985,-1.09727181344096,-2.20641834831307,3.5135489795357
-3.10405357159454,-3.41850649450432,-4.55507142139603,8.06482441909611
-2.79460532846283,-2.82711129239548,-5.01817532645242,7.79599114134908
-1.17280956570529,-1.17144166771295,-3.43059293926923,9.54979854635894
-4.26296493969597,-4.69989431907397,-2.57731995900723,6.38117269612849
-2.82839685334239,-3.2740058786556,-5.21576683871207,7.69395094178617
-3.61313322078866,-3.33629526645644,-3.07731867027762,5.11124079860747
-2.31769946718985,-2.52918931356766,1.22595499089868,2.80698500946164
-1.80246938802531,-1.09453128182158,-2.63050312251602,9.41841670870781
-2.53215854855643,-2.8122357429108,-1.32008713762974,4.2658600024879
-2.66598782015379,-5.89775550344378,-2.63177672462906,6.72458527050912
-2.6826403740053,-3.0689481991256,0.644029365418121,2.88288483954966
-0.934200927044026,-3.96085174176232,-2.40111797106654,8.724056256935
-2.17601645408183,-2.7399967059679,-0.631191784198723,4.54370947554708
-2.49906928067476,-3.13914849759319,-5.23729173301897,8.26281069591641
-3.19211107543251,-1.76267930183766,-1.89481007381977,4.14006565883756
-2.51989870709735,-1.55020058450548,-1.55089920909445,3.74916227906942
-4.92930691808369,-4.60942672487594,-2.72381538219666,6.13437469117343
-2.89694963676275,-1.56577877931686,-1.78816876649488,4.15160473622382
-3.55850323913482,-1.67057135167845,-2.28140332831915,3.44934661872685
-5.3755580801251,-3.94139669264959,-3.04389419564927,6.14860909990966
-3.96896970089477,-5.1480635861974,-2.15158168300503,6.50226348638535
-2.27927922478386,-2.01423533557701,0.329821365357663,3.03325483575463
-2.49671719485188,-2.76796206638033,-2.11044822064135,4.05094083212316
-2.49558778798697,-3.29401801805634,-6.01889008526516,7.74348220787942
-1.40831244202153,-0.674921346841824,-3.24351609187453,9.69127949140966
-0.999838884042038,-2.59384141423544,0.945147058401276,2.80112677253783
-2.85292203025438,-2.27778512941431,-3.93077586620938,8.10578151606023
-2.35314176763598,-0.804816613958413,-2.5329566968661,9.58373083733022
-1.71010551585078,-3.44935350348599,-2.921947621043,8.54907750710845
-3.44415711779689,-3.41723915922483,-1.18152170311835,4.46633864566684
-2.83708654241125,-5.44029184280936,-4.13197561897045,7.19663568399847
-1.27772250984106,-0.620119330897901,-2.44586779951267,9.62684360891581
-1.89434927867635,-1.67526497749216,-3.70214888891278,9.62986120022833
-2.06734822768055,-3.46322094280353,-0.985544198611231,4.71983362734318
-2.77437923767781,-2.84420681448767,-1.72872158982061,4.09979288093746
-3.18521028803906,-1.07886815107408,-0.953892528344772,3.32363146543503
-1.73497181584769,-2.61454612042328,-0.660520591973977,4.57734445296228
-5.120483512476,-3.37011861315006,-3.00310837901777,6.08100165240467
-1.82890382405386,-2.17942769477816,-2.89081877570113,9.39174777083099
-5.0375072128629,-4.15544034455571,-4.10249845349057,6.0876775868237
-3.63431276199027,-1.59260983077459,-1.97011122220133,4.06097008660436
-0.964068262681784,-1.23646126617672,2.90437159829484,2.37168709561229
-4.38089334479179,-2.62554040481998,-2.03934422711794,5.34285006672144
-1.13409890664418,-2.67469009189477,-3.0314230512886,8.83201201818883
-2.78040988144392,-2.78118254401513,-1.37919885962414,4.77784542180598
-1.78766932728736,-2.11215637436182,0.158163532754759,3.05153856426477
-3.57005142286713,-3.60519186378172,-1.45400047506201,4.99589491635561
-2.95674975345194,-4.80311958143857,-3.44460048327661,7.05136182717979
-3.4519327902679,-2.66145864222709,-2.35915247492232,5.12063146941364
-3.29123680753,-3.50621735031005,-5.61825481305433,7.51702279038727
-2.73911862781806,-2.05028122767487,-5.2354859287905,7.51530729979277
-3.68436487034894,-5.98641517658999,-2.96526307842141,6.43920498527586
-4.48059321406233,-2.50705977032009,-3.15250139294926,5.43699526228011
-5.30283129487188,-1.98217169319598,-3.52857006974768,5.62176050245762
-3.38909206320719,-2.51955597116349,-1.30182001158909,4.45154607109725
-3.4871364027483,-5.12061178910252,-2.71277558059057,6.62683155201375
-0.690320725892877,-2.26375833849929,-2.1608984064192,9.28296243399382
-2.1369639968764,-1.41542195583193,-0.578046421764868,3.14083265699446
-4.87267267135085,-2.41596403335466,-2.88070975974049,5.32038100250065
-3.84864394595299,-1.33400456254089,-2.4675677490772,3.68740600533783
-4.51878080138445,-2.86114855203678,-2.79239327379779,5.4300029668957
-2.51515746716728,-1.4192218596569,0.600428411111933,3.06151980161667
-4.8762826833457,-2.60941280952167,-3.45195237315055,5.68077156692743
-1.07373901002321,-1.7112789730414,-3.54354946493401,9.54365647397935
-3.36086081575008,-2.49825850350144,-4.87303529159386,8.09579089283943
-1.94206237555853,-1.81131157765212,-2.84493504778314,9.46327863074839
-6.1574650262773,-3.35585407042733,-3.44981352440087,5.76542798057199
-2.3091579914467,-5.81119352565717,-2.40657060782629,6.82870454154909
-6.10514438126061,-2.55236206242841,-3.15743548922392,5.87991744466126
-2.48924466543755,-1.75522863523801,0.592710289378958,2.87045053206384
-2.32388851514831,-2.47492680154298,-1.82571517274475,3.98181466385722
-4.97096668365462,-3.37876048319837,-3.60316467943297,5.98811624571681
-2.77423875991427,-4.10832157609761,-1.44065208901321,4.98293366469443
-1.9020419634937,-1.3771416729674,-2.92237020426906,9.47753096185625
-4.66736389070051,-3.92275826779352,-2.17414006945496,6.19188862293959
-2.19217889698759,-2.90585262699505,-1.25244769790486,4.53715737350285
-3.29257011702862,-2.86046260806119,-2.17876006656872,4.223728235811
-2.32545009952901,-2.76428423915473,-4.75346519733596,8.30032406188548
-3.1109726424657,-2.58215208213379,-4.98260765631152,7.61970010027289
-2.18906531022846,-1.47456395571266,-1.52582175629516,3.32022110931575
-0.957131286353575,-1.67966538904769,1.9491032992125,2.51566031016409
-2.37997811844772,-2.29251111396494,-5.11082204977369,8.03764497302473
-2.46850928861682,-6.07099394840841,-3.13945636800565,6.96328026428819
-3.38813359818926,-1.20489121859063,-1.87529527154561,3.3566141333431
-1.3526439774418,-2.96282631840458,1.36419040097658,2.497712418437
-2.34548073630469,-2.35676175300897,0.917498060683703,2.87223414890468
-2.98356885847823,-3.2581272545915,-2.02662824648981,5.05373081378639
-2.37207672978194,-0.981060396458261,-1.57827086416352,3.35448731668293
-2.57787842549024,-2.88923576650834,-1.34781873905468,4.38922033645213
-3.61515815990268,-1.45315263785184,-2.25718190636332,3.53767628036439
-2.59715278362467,-2.24154986938614,-1.82076217327009,4.05736017040908
-3.05417130749089,-1.163587786076,-1.53480997761222,3.44985458254814
-5.80142167270539,-3.06374573109111,-2.75137451739903,5.81850967742503
-2.17285249727064,-2.94591316824524,-5.39834419900399,8.16589634306729
-1.86157227933411,-1.28944514856508,2.82570733882545,2.22229697927833
-4.09169649330392,-4.65491221526963,-2.88943505137766,6.21848621591926
-1.23673664632041,-3.09368701680175,-2.13608043455582,9.04255255125463
-2.9497998872494,-3.13653011460677,-1.08482723555513,4.9845069758594
-0.938987115884288,-2.19055862349117,2.55346093075782,2.38367305323482
-2.85869268378517,-1.61416331680092,-0.000768178088974947,3.10902597382665
-2.27351023519094,-3.52169304525686,-0.800299977287088,4.57193696312606
-2.71778376311063,-1.4006583729598,-0.269542259005059,3.23865289054811
-1.90968809619903,-1.85669800334021,0.593895441505844,3.05782537721097
-3.61849316828566,-1.60710966312981,-3.14728959002991,3.77044742181897
-3.32084136051415,-2.31741762647756,-2.76682829636144,3.8110463693738
-1.60868937646575,-2.56678537325248,0.0286191945313096,3.05133227072656
-2.03972014439627,-1.98434143534735,-2.38099024664978,9.85250768251717
-2.10689391117947,-2.74038069221471,-1.1916742603722,4.61610981449485
-5.26331803577507,-3.50618697546051,-2.99769921285046,6.0555159766227
-3.45555753288745,-2.7807483289611,-4.97261676510599,7.45154011808336
-1.50691655419122,-2.89708492638281,1.69753700114732,2.79335282556713
-2.37304934078997,-1.53351592655591,1.20607811999565,2.95122046582401
-2.31301750389341,-1.213043209639,2.93307224896087,2.40351727604866
-1.0686022572817,-2.20183362613588,-3.96835015358524,9.43403135798872
-3.40387480045247,-3.52477418146945,-5.61646988561465,7.38969786278903
-2.16637656495362,-2.0936465565316,1.57060193821699,2.75886284373701
-5.08637803059685,-3.02522430479816,-2.87738183826498,5.94076896645129
-5.61552403617184,-1.87571168571964,-3.9432674504059,5.69241472519934
-3.4051413004586,-3.21924933375566,-1.73903065822217,5.00173224695027
-2.11279289503947,-0.0950949448667898,-3.47942045108234,9.92879375629127
-3.21605395585329,-1.74590296961727,-1.56832019033868,3.41080570966005
-1.29358175623943,-2.57697226476396,-3.34111351202596,8.50748166814446
-0.924658080795846,-2.3095030449672,1.80162033246139,2.54757309705019
-4.66644956490763,-2.66929682465744,-1.88504264007337,5.20359797403216
-2.23951681330156,-1.7854209703544,0.00284506485981489,3.12915460579097
-2.94089894740056,-1.26877815198273,-0.952474639130894,3.54647889919579
-0.885984998011488,-3.23453025724463,-2.42518457777651,8.73081373423338
-4.16282597958052,-2.29651604889531,-5.78777688461754,7.75931190699339
-3.00685857876613,-2.39202495223772,-1.79008607210725,4.13769666478038
-4.65048593903675,-2.48270080102559,-3.37729207827901,5.9600131586194
-0.976474292651852,-2.24567176851427,1.43469098963822,2.66491118259728
-3.36793253577649,-3.20488657328345,-2.45148380605963,4.8310739248991
-2.75960377689417,-1.13256568181741,-3.1944635485352,9.7536704428494
-2.33742660094824,-5.51775996664097,-2.53375589802191,6.99771351739764
-2.94212313861555,-4.04139976914322,-4.31565378391734,7.31694599799812
-2.07229710323101,-2.78257499169611,-1.34221642811609,4.49991725198925
-4.04201127379783,-2.42144288825383,-2.3740280877995,5.2455169018358
-1.94740500088476,-0.49366017625359,-2.93126534376906,9.96861897222698
-0.908178207809306,-2.45696209602586,-2.3316343563972,8.84065885096788
-1.87776582613235,-1.23352072538351,-2.97899889581832,9.62838716804981
-2.22515200172902,-3.03094566121486,-3.44202439510152,8.49844073876739
-1.45170129867905,-2.17029822505183,-3.9675449328264,8.25745692662895
-3.46934364082527,-2.44497009665192,-1.59769993129082,4.1430250313133
-2.78279324582148,-3.00411835425742,-5.65485386301074,8.09721223637462
-2.30082366699284,-1.28881512879468,-2.85451409913825,9.89049271307886
-1.88139929029781,-3.18903202854897,-0.549636791482521,4.34884439222515
-3.53292421956558,-3.39807662719498,-2.43830859484944,5.19480885565281
-1.94666075662662,-2.52460556118844,-2.58329402093781,8.49705219082534
-1.16708756689339,-2.47108570078444,2.28516651612385,2.61721335351467
-2.40976220898485,-2.7643609100543,-1.55508776145999,4.90957447886467
-4.40918056931097,-1.48528090543993,-3.31897803850953,5.54073973745108
-2.58979470395494,-1.65737384470509,-1.77851064298012,3.25371306017041
-3.28862626119906,-5.41642930040762,-2.91220193381326,6.65764216147363
-2.49220098227574,-1.32794210458289,-3.26451744449177,9.76129743084311
-1.25513452663451,0.254275135996718,-3.51677242728477,9.91599866747856
-3.87530776547061,-1.69842287382091,-2.30267742100118,3.41161629185081
-2.81463826437491,-4.08555235599421,-2.63605780769024,6.33704339526594
-3.53971891719037,-2.659643791624,-2.46615601463036,5.0744311362505
-3.17552818016409,-3.35542985458481,-3.88569737923201,7.40931240655482
-2.82408683305278,-2.04064091128501,-1.65749068689474,4.15435023792088
-5.28126653471725,-2.30363229714897,-3.12751421851992,5.75400753878057
-2.85730088108953,-1.06303582814743,-1.32823782576134,3.37440065853298
-3.78824315783529,-3.52293973309498,-1.86916124027508,4.95351569913328
-3.03312849322322,-2.42230532949473,-5.39183756430168,7.80324218049645
-5.39569816120915,-2.97097200565289,-3.01808507616457,5.8891928344965
-0.950699061151095,-0.868640896063586,2.66001506689548,2.51041973382235
-2.75348675343533,-2.52413849186032,-3.90455696957282,8.27636983990669
-5.54562273293022,-2.26814273722625,-2.50511750165386,5.34657308645546
-2.23863524417047,-1.86081426141601,-3.1210728260781,9.84814467839897
-3.09846398702483,-3.26461584918225,-1.98381008446788,4.26307164691389
-1.36811825256075,-3.57509660185506,-3.69017963824268,8.78305719606578
-1.66883409695307,-2.51917536295811,1.79019214251185,2.6579138468951
-1.08814923316508,-3.01476669077264,-3.20270813154593,9.09167000465095
-5.78266275176956,-2.32370678455725,-3.42864415598055,5.77544584684074
-1.36253357738439,-2.3396063152323,0.998016174043621,2.87280770763755
-2.06397206246194,-3.4253926220124,-1.17961454651027,4.66622387617826
-1.53402059802253,-2.72507136515067,-2.10615775998925,8.69933255389333
-2.91728625543636,-3.45571419016538,-0.893706161371728,4.21479873359203
-2.63688997051366,-5.64429402551952,-2.11447658340672,6.69628113135695
-0.668180897550327,-2.85525862636778,-2.69379929794378,8.69385815784335
-1.24422708746865,-1.71788620347443,2.38929432339397,2.56923219189048
-3.8619425792593,-3.04818295165619,-5.52112434815485,7.62222994677722
-3.07336419795564,-3.23243358880551,-6.07106938278928,7.59059629775584
-5.67745900411547,-2.56984279869751,-2.53251717068852,5.7116990480572
-4.45525269585131,-2.63183986186989,-2.69943068253577,5.49544888362288
-3.24039619669131,-5.3405326061345,-1.98859203861117,6.49741430208087
-1.77119521769935,-2.45790697618294,-3.21865009089621,9.42786581069231
-3.44219317026196,-1.69067999804902,-2.04557559949348,3.84373131394386
-3.50385436181061,-1.37160717815619,-2.12564917701365,3.77451003529131
-4.58613620797636,-2.80816687134064,-3.58036186323829,5.3617271464318
-2.389257997924,-3.75179998340771,-1.36619084271175,4.6681664455682
-0.545586270921137,-3.7259653872028,-2.37458153314657,8.91846040263772
-2.92929038491385,-1.41664364201649,-1.53664601305784,3.41755628585815
-5.61894962405161,-2.29512461571494,-3.42457667637415,5.9465498290956
-5.3374351890626,-2.72655510367473,-2.33775171767597,5.43770693428814
-3.06233131315662,-5.4786761079165,-1.7071633031297,6.51411074399948
-2.80541258955749,-3.30676786360343,-3.89763291843041,7.24929852411151
-2.04060477018352,-1.77961063377537,-3.41582071873884,9.82843250222504
-2.81528646510663,-1.58669547025573,-2.63778857140087,3.85728918761015
-2.49422209049079,-1.55137843991059,-2.68780440083061,3.92649276927114
-2.44921653244107,-3.14120058312885,-4.1361802392936,8.37468867190182
-0.659667659709684,-2.72011825774096,-3.61769228729196,8.65337372012436
-2.11595336723169,-1.87448844108712,1.11883210251579,2.90806165151298
-1.94658371178843,-1.18008551211114,-3.78640438940261,9.70649613067508
-2.42741433585094,-2.11576776623301,-1.03653914033358,3.17858319729567
-2.54662226686926,-1.58366362416141,-0.122281105221445,3.14901554211974
-0.904151165100874,-2.1188094135942,-2.82142134666971,9.40183948166668
-5.43601611511373,-3.71923969646772,-2.57821194595651,6.05628482066095
-2.40932759123365,-1.46427603485998,-0.678342086064495,3.23880813643336
-2.60460243585886,-3.06562949867776,-1.51538833924262,4.78641641698778
-3.19268546152191,-4.32388996019111,-4.12847896258133,7.27856820635498
-1.97429217190474,-2.83296323129872,-1.82642420646701,4.49417899549007
-3.48224680279034,-4.28965010707978,-1.4988947963697,4.81258727423847
-2.73805698039889,-1.34449371475041,-0.504450257929913,3.18276565521955
-3.42637227641856,-4.55350400938756,-3.95905136398575,7.27102087251842
-3.07671393502207,-1.10733539730891,-1.93511504139076,3.48055971600115
-1.84947697189216,-0.90134886964994,-3.14928297732246,9.63502509519458
-1.47828630980689,-2.52589832119929,-3.22844141979374,9.18278793618083
-1.53438638984154,-1.54207519087805,-2.91855896406613,9.54957643523812
-3.59467608365728,-3.67218103210064,-6.41929249957847,7.78952600993216
-2.77166036201849,-3.64195571680311,-1.83288385008844,4.9628565274179
-2.32096554042804,-2.47920017785972,-4.26110787119096,8.24814032204449
-1.55902968377262,-0.627643457801476,3.5346546330113,2.08919606916606
-2.11230872846976,-1.69596512824117,-2.74547728618178,9.52246969752014
-1.97294706774205,-0.775472666708233,-2.62344150798745,9.94999380968511
-2.9320202947819,-3.39688681137689,-2.36760364991693,4.859245961532
-3.57551301935249,-2.86893852316775,-4.75050269440284,7.98108050785959
-2.09533186457396,-3.49260919948485,-4.18403647033324,8.34327219054103
-2.48215863622122,-2.79342471799381,-4.48822522242112,7.6468720510602
-5.91170984229304,-3.39842264474844,-3.55781781309362,5.80660030990839
-5.52860913951478,-3.38756878735475,-3.63307616789028,5.95723620802164
-2.20495086014481,-3.1763258074303,-0.943621307940637,4.46441959030926
-3.13151631735818,-3.54247647813624,-5.3621063896397,7.56009797006845
-0.714073957678601,-3.22623654557497,-2.58066977257269,8.58234644494951
-4.80987601782101,-2.12678191601145,-3.34136850902545,5.47774112597108
-4.02747614286169,-3.6029450628446,-3.32003092750092,6.11786122247577
-2.71539376133126,-4.12585032928852,-4.11132697449131,7.30408774130046
-2.87927877208047,-1.08153339699129,-0.474311067467328,3.145332692191
-2.38297704803657,-3.35157791918917,-0.999022020061864,4.75589914992452
-4.53196388484374,-2.63191233412524,-2.43470008695579,5.24610865861177
-1.71945307108986,-3.09895392939351,1.79782606578672,2.68248804658651
-1.67337175345844,-1.81125280548235,-2.98349192258823,9.46057542599738
-0.826667414188729,-3.50501094526389,-2.61125522005258,8.70707253366709
-0.759539701303352,-3.38643469811205,-3.02032825473449,9.03546636924148
-1.32941736390076,-1.35190872247265,-3.31230265906193,9.48569974116981
-0.860008168256742,-2.17745633023222,2.31319597052256,2.57968506775796
-3.33537876549967,-2.69182480925682,-1.36054084306269,5.03007552400231
-5.14675504402431,-4.77393280348555,-2.34045401091993,6.30291938222945
-1.28603509552786,-3.24098562590794,1.44464288955208,2.840401109308
-1.0896342750403,-2.93375644692169,-3.33984632798382,8.41350164450705
-3.05194360465298,-2.14860103938914,-5.34702988071008,7.91713396646082
-1.80379967871472,-0.678656943045963,2.25030394275218,2.41719210706651
-5.76285159346365,-2.3875952959703,-2.77037104787805,5.85735658556223
-1.74986161551713,-1.67339145264417,-3.37053092845844,9.36414272524416
-1.37939412991334,-1.58493206187441,2.22805813113568,2.3322274312377
-2.32707274307705,-2.79244499799694,-1.20968772142513,4.35193439200521
-4.97625061489104,-3.37316351575693,-2.4242748210891,6.00680389814079
-2.44589370856838,-5.4225710450599,-3.02138753932274,6.87799148075283
-3.32238150573599,-2.8119447408283,-1.36980069336724,4.11399239674211
-4.42975593480034,-2.71133210461954,-3.07081720289671,5.3847888763994
-2.40245666289333,-3.77262245767248,-1.63878920891946,4.93250893056393
-0.873961240338413,-1.58494627648434,-3.70488080664321,9.54004257917404
-2.18613938778902,-1.87355349215812,0.0646019345913729,2.98978852108121
-1.02916516487972,-2.10560362379253,2.99920175659406,2.56026143394411
-1.58407264613739,-1.4406144412816,-3.19101054684697,9.71453630365431
-5.34837864295682,-2.53458855858472,-3.19811264772409,5.54008086584508
-2.82323137693021,-3.81301563408819,-2.94171530110957,4.96217904239893
-2.86811506642003,-1.41075953817749,-0.983148336130225,3.36194864101708
-1.30228025036106,-2.46753435338,2.43343410720635,2.43352343514562
-2.73100436899695,-4.36779598503312,-4.05280884187913,7.26262455433607
-2.57136599411683,-4.80756381893114,-2.29408657005929,6.62529533356428
-1.91394278538346,-0.644981371618376,-2.94180265437037,9.89681411162019
-2.76111036769423,-5.04712611772584,-2.84349249972529,6.83033921197057
-2.10964745436347,-1.48859697682648,3.08693829172184,2.5195993501693
-3.13167850682947,-1.5506400439124,-1.11733588536255,3.29687265492976
-5.66171557287485,-2.48369920715465,-3.35765207986791,5.80318336375058
-3.00890546496835,-0.38208787699655,3.88733429724711,2.01546267792583
-4.39295687132755,-2.08444445601083,-3.36572015768854,5.53167314454913
-3.58395089370139,-2.5514266325636,-2.38760058576315,4.08743789792061
-2.16785322035307,-1.3165162368656,-3.93720999260301,9.50730996392667
-2.61672761609701,-3.46856087974531,-5.68192652252196,7.72666626982391
-3.70743607889699,-0.94687785631986,-1.44710397894323,3.30468382686377
-5.35567110139302,-2.84218040780446,-3.37320305465736,5.80950414761901
-3.25282099669716,-2.71720182520707,-5.21838551545633,7.52205378375947
-5.42241304442351,-2.48176955547828,-2.44352067416446,5.68716143630445
-1.61390996260193,-1.60102302044292,-2.93163127247106,9.64117390662432
-3.5843145419579,-2.57351277758421,-5.69809962933213,7.70032097958028
-4.14345448770154,-2.87512310747052,-2.00312283109511,5.17718346603215
-3.05644636580702,-2.39316297795381,0.622974195962116,2.94176489673555
-3.58514131862005,-2.16044987614736,-1.96810708562182,3.92093018442392
-0.76581025225187,-2.12073320388333,-2.06272258393686,8.90904453210533
-4.93688652177323,-2.84397955684135,-3.20131422166763,5.48781121335924
-4.57587201317768,-2.87746359999769,-3.89182115100582,5.98294441588223
-3.10085383125949,-3.32486894178095,-5.48564416166278,7.5354213770479
-2.62090304162346,-2.9947900749217,-4.33841797516315,8.08250625431538
-2.65468260431096,-2.07228420611019,-0.987027000953993,3.24320978112519
-1.2370262071022,-3.77398370775928,-2.15764421193573,8.79565674439073
-1.54595559530034,-2.07414013266576,-2.97893698379869,9.57454255223274
-2.57243077860605,-6.22444478300858,-2.46455326849189,6.70735352300107
-5.23906158903306,-2.94837827470696,-4.13652649341543,6.01800652220845
-3.52786655229146,-1.3085105091353,-1.73953965627855,3.51823934167624
-2.02076810454965,1.15285895672245,3.00086316393558,2.01469486579299
-0.58030514923539,-2.66987973857944,-2.69251877488682,9.02062449790537
-1.95205928220143,-1.22167463081011,-0.183539985497006,3.07289070263505
-1.83473002558307,-0.374429427674182,3.51442596256563,2.18192979320884
-1.98400074461409,-1.33856971557569,-3.58564798337975,9.51309364847839
-2.40307188406358,-2.72940584896827,-2.42308764700626,4.34358978271484
-2.43421108423606,-1.550503574521,-1.03801204643234,3.31461259536445
-3.88043018846827,-2.45822564253895,-2.2468558752837,5.19282044656575
-5.71692895089126,-2.46898162817944,-3.38312733647894,5.67660329677165
-5.43804814456512,-2.06126087987004,-3.23465741324894,5.47224678844213
-5.05445415081478,-4.0056581013518,-2.26311960629153,6.13607861101627
-1.67619596772079,-2.78791277521061,-3.51319891308134,8.76996602118015
-1.52180212867489,-1.9101229912108,2.04376509998393,2.44131429120898
-3.17445238355783,-5.29958019322709,-2.2114627718404,6.43341648951173
-2.6559186601483,-4.11405109590539,-5.04442065759627,7.50620190054178
-3.14920860115742,-3.70575591070514,-3.72415227366348,7.26446042954922
-2.774289939531,-3.96144588733198,-4.74850611050051,7.30674180202186
-5.63043612272843,-2.60742414392791,-3.94162885064011,5.77787362039089
-2.76081665331655,-0.828094845048383,-2.82069072236275,9.75622532889247
-3.71258364026811,-2.768089640587,-1.89689769797517,5.21757650189102
-1.8060893421416,-3.70226049299388,-2.63396536582545,8.79641683027148
-3.36272514591931,-3.41372019846765,-4.42825384330456,8.0531592592597
-3.97022484026357,-4.30992678483413,-2.09274730742732,6.26080975495279
-1.10606941765843,-3.09407522922565,-2.33130036135879,8.99319728650153
-5.73398709074712,-2.94926826590582,-3.13860238742336,5.73692092485726
-2.54687640625949,0.24075149979315,2.52745320801184,2.06502764299512
-3.74356500143561,-2.70867436315727,-4.75035319152268,7.82213603705168
-3.05866324915152,-2.37867243610337,-5.5122913637859,7.73271583020687
-3.24892886664316,-0.69988488556232,-2.02910441468066,3.49941096827388
-2.91368030866313,-5.00848014417955,-4.11773386284046,7.16853821463883
-4.57580721189051,-4.9018766654866,-3.72934710650921,6.33583423867822
-2.90923528682176,-3.25221449694786,-1.44587012764703,4.68256607837975
-1.79210316233924,-4.43981708010387,-3.96465290114306,7.10326978564262
-1.49437937230525,-3.88095425004184,-2.91248498080328,8.63360851071775
-2.88826753421385,-3.1719911690345,-4.96769043906765,7.67180158756673
-2.28869662029821,-3.58287686614118,-1.10676583187515,4.7884028069675
-1.78648690232743,-1.83013264868429,-0.445506868856821,3.02662299945951
-3.43801876625424,-2.00955260830059,-2.25904652572352,5.10462791100144
-2.01725627739694,-2.10890476775218,-3.42675144688066,9.42542038671672
-2.29952652755038,-3.19550503148233,-4.3127904089099,8.43512617051601
-2.53170549431558,-3.25814426724782,-5.59223112638921,8.06957445666194
-2.51426613907327,-1.72326824467676,-3.75221164982229,9.65799911133945
-1.79799743319387,-0.589144502770006,-3.4321327161908,9.95131102949381
-2.77014737826478,-5.91987373959104,-2.18967325669094,6.85152795724571
-1.69158817199281,-1.05384160498224,2.01341625181125,2.23501732386649
-2.79359114841293,-3.45209561626837,-1.18046377079614,4.69156286306679
-2.87590045833749,-2.65377174965903,-1.54293630070425,4.22126469388604
-1.49563348473933,-1.50192101253157,0.71470477103777,2.93758040107787
-1.16187652374505,-0.901403550225451,2.59713529215285,2.34574607200921
-3.12711681805905,-2.35207108914442,-2.05997917700114,4.96247828565538
-2.13281293474852,-4.05303324254745,-1.37541999376573,4.69502647034824
-2.34422792081627,-1.4744728231776,-0.922000505935474,3.38922042772174
-2.52928829560868,-4.99138547129412,-2.45004549803329,6.9741862360388
-3.69697282555986,-2.96474767014077,-2.35026941917018,5.18274901993573
-1.86053667093417,-1.20860304250376,-3.36666506603877,9.64540614932775
-3.14162933449016,-4.77543980830311,-3.59338832201322,7.22679554484785
-2.81095955284395,-4.03997435843238,-1.82890554050949,4.62994973361492
-2.49089285447483,-1.70781541827143,-2.1874576107642,3.57717370800674
-1.45481879518053,-1.41514898446243,0.926280790719126,2.92273859865963
-1.68457108796026,-0.996874081861367,-2.71080988121804,9.96772382967174
-3.22284019933377,-2.34911584869128,-2.26427890202655,5.03421380184591
-3.18926053109414,-4.81882605003909,-1.50766606184782,6.49590474180877
-3.07200273440175,-2.26851499559459,-5.96626349572931,7.86174414120615
-0.875705207612445,-2.36047272613079,-2.93965591268636,8.96644442342222
-3.0109940102331,-6.03780850918916,-1.48528014937633,6.57736207731068
-2.25132650976308,-0.300189609130848,3.19078157966791,2.08828856796026
-0.181157610764763,-2.53514209617626,-2.96043847587572,9.2505220901221
-2.30308353869711,-3.04203951845571,-5.14554371670884,8.16522905230522
-3.4797340220063,-3.13079627811282,-1.9944474242334,5.06003698706627
-0.939078980471803,-3.16010241698476,1.72523933144065,2.75236711092293
-1.53180632435647,-2.18535267779799,2.00304551001749,2.39722867123783
-0.840959364758829,-2.90817604348341,-3.16921595208068,8.56929854489863
-1.51917496382797,-3.09081949411735,-2.70062338796532,8.63459443487227
-3.69371479462111,-3.94698684959439,-3.94429906004125,7.23786300607026
-1.64792169692288,-2.03713830648395,-0.388837839888066,3.06262250430882
-2.07002832658418,-3.46469298749881,-0.60414896790109,4.73447920940816
-3.45163300422632,-2.72561525031195,-6.05270118841564,7.85097263194621
-1.72020823197136,-2.7725208998011,-2.71501525762384,9.25833132863045
-3.88649008884578,-3.02569896486105,-4.94766088993311,7.56957599520683
-3.2962297810786,-2.30493023043442,-2.12652298212602,3.93263377808034
-3.39238788373398,-4.62290564454055,-3.16881273871605,7.15285782888532
-3.0720429561193,-2.76265276769865,-0.425074297321795,4.2460017092526
-1.93001175731169,-0.989721278820199,-2.7490614534566,9.66109216585755
-2.40135666272128,-0.971779160816032,-0.629016697759324,3.26716765388846
-4.92578312252189,-2.77065888384056,-3.33318077510388,5.34671193361282
-3.13817095126952,-2.23400100632605,-1.32410263738153,4.01607837900519
-1.32718794001723,-2.34530368662824,1.60188873978406,2.75512214191258
-0.704902341067981,-3.44561556119474,-2.80364527479101,8.62174215726554
-5.00229909370179,-3.32972894036644,-2.76669235511365,6.20244402997196
-3.54812906937171,-4.04093942199328,-4.6484118109835,7.34198101982474
-4.98868018777994,-2.36855226843084,-1.9085901197326,5.26622207835317
-0.912360346164075,-3.04631049741501,-1.87495923451167,8.74071922712028
-3.12065151759188,-1.9647729641312,-5.8997387292858,7.89844374358654
-2.2894098896441,-3.38123130752985,-1.65636741948941,4.7857952080667
-1.93468450096275,-2.53920586298083,-3.16665714238957,9.59150541946292
-2.52572880962897,-4.49493451227536,-4.3347055993679,7.17343351989985
-1.35420116461114,-1.51326578711167,2.91882260270484,2.28222213499248
-2.6355239825428,-5.45902918815339,-2.33792463742598,6.77158764563501
-4.74430836893905,-3.0256176871467,-2.32902762309276,5.32254401221871
-0.742898868020747,-2.26824903307012,1.76364615211511,2.61517630517483
-4.68849715835106,-4.28837894031796,-2.377247554973,6.22439103387296
-1.77767661550634,-1.31590131865611,-2.83399859108742,9.69866646826267
-3.13165928932755,-3.1034366707083,-5.64120866759307,7.66992040909827
-2.93876863054465,-5.31744181034406,-3.01694580138792,6.42780562862754
-2.89228189599126,-1.78415396399889,-2.2408690875257,3.94365287199616
-2.61296699748026,-3.23385241971788,-3.85962360159331,8.22434023208916
-2.7394014764802,-4.67782984359792,-3.73902144242438,7.21552754752338
-1.3940484936955,-3.31020149650442,-2.67442880157229,8.64196563139558
-3.53761491402042,-4.93270238484864,-5.06369591045174,7.1884075794369
-4.95426655371835,-2.00332817943452,-3.26330887649414,5.83868635445833
-5.0156362538377,-3.77562240228011,-2.91190045258157,5.96051284484565
-3.60619320385684,-3.04528189208442,-2.58073896390694,5.03898073174059
-5.31094930711456,-2.91739229328588,-3.46830256464434,5.60388349741697
-1.5774637252367,-3.64439025219656,-3.19028210048883,8.51401400379837
-1.98052485730108,-1.92796908776044,-2.95355566966607,9.43021780624986
-1.92380198698653,-0.770922977429502,-0.181110618010541,3.17984836176038
-3.05958652288838,-1.96536254573935,-5.39796400089848,7.99857331998646
-2.04057567830583,-0.954870280019653,-3.19213232969106,9.80525879748166
-1.95100843355804,-1.29945582091183,-2.74413311905288,9.7983397077769
-3.03013640035326,-2.47208545342587,-1.50421061090333,4.80500456131995
-4.18568110345118,-2.98515813394456,-2.9555876882752,5.15159245580435
-1.92752460937988,-1.78392925446484,-3.53337653576879,9.6076080724597
-1.40360024115898,-2.8101803814549,1.49869420706219,2.85318655706942
-1.60816864516369,-2.007827536664,-2.76571407755211,9.47808093205094
-2.28908941435531,-2.6361735302595,-1.17492762973035,4.76929679885507
-4.21953808687956,-3.80852089200136,-2.50309744987348,6.26448484696448
-3.9352090503112,-4.21968002990258,-2.20023420473062,6.31035439483821
-3.76178814291211,-3.39197376818679,-5.81015150387729,7.71774359792471
-3.89226576779004,-2.85438563458144,-2.13144772638627,5.24632400088012
-2.94744925845128,-1.1208981343996,-1.32781263941018,3.2223051302135
-2.69426739315633,-3.43745012839318,-1.06740693884553,4.72186209075153
-2.58250871215795,-5.57740899425508,-3.36399682732602,7.01323878020048
-1.89105043159063,-1.82564757076641,2.72894858797019,2.45898142643273
-1.05658562804187,-3.45244140071615,-2.63815041096534,8.81334111839533
-3.48772376169203,-1.48384331852237,-2.50917779345583,3.70116276666522
-4.41742805550355,-3.50770166629448,-2.62586183898537,6.31569622270763
-2.49821513048928,-1.61877034249878,0.048119537441356,3.09190068952739
-1.93489546114687,-2.77514408697441,-1.23829944783872,4.59892112389207
-3.0291753880495,-5.40236704912674,-3.13207554287351,6.96861035004258
-3.1315675414883,-2.3339899076351,-2.29118308698644,4.04785798862576
-3.57344489737628,-4.83288548247844,-2.9740721756961,7.0790063906461
-5.85100180771397,-3.40539209078747,-3.21550461690901,5.88537685573101
-1.89985878992813,-1.11028846353682,-2.99525874744209,9.50541533343494
-0.343091732885158,-3.22296704593992,-2.01482371449947,8.86001229658723
-3.43369240433047,-4.35906031817633,-1.24548486851643,4.96706830151379
-2.79849297813911,-3.54396867218962,-0.593647635317594,4.51361463963985
-1.93566058564868,-3.35050669935915,-3.07791567342784,8.62827487848699
-5.41490576408122,-1.64015187174988,-3.01956256189181,5.61473210528493
-1.98208879931536,-3.24310105506522,-0.55772509738113,4.52702729776502
-1.96015769303959,-2.91320799892987,0.97950863814685,2.78246830031276
-1.38404321622314,-2.14344343296391,1.78778408063294,2.51920429244637
-2.56294955179662,-3.67100489525658,-5.17948554709373,7.51565893180668
-3.18337956000942,-4.63455295985097,-4.82489233080615,7.34440483152866
-0.842130644265889,-2.71416956161,-1.8920151818512,9.23637318238616
-2.37076511675955,-3.79290628043668,-0.763841700504064,4.41354616358876
-2.12409872531943,-0.744626780807863,-4.12661507357528,9.46246963739395
-2.79830609139928,-1.13692460286317,-2.89789566190229,3.61586413905025
-1.85023997757932,-2.65240583680062,-3.69130416273597,8.33903004787862
-3.4881451792649,-1.97067068475516,-2.15858144358162,3.79704407043755
-1.87230604718004,-0.39835391933956,3.5668073310615,2.2460525687784
-1.08324714400571,-2.8901016524201,-2.44671141201112,8.89627232961357
-2.74993028176515,-3.81592839630246,-4.37921921913981,7.48086004145443
-1.99308954440664,-1.65565387933076,-3.91256194650717,9.53659927658737
-3.74037656010865,-3.8981189192959,-5.26934834081299,7.40683008357882
-1.18401463395183,-2.68211052652129,-2.62078004281734,8.74496118724346
-2.52800833179999,-3.29092316419197,-1.93185248170591,4.89515347965062
-4.16162073332352,-2.47673785793388,-2.72958648708571,5.13892708159983
-3.31439268494513,-5.01394921939782,-2.91203395124169,6.54149918071926
-1.92913151133096,-2.4454834534597,1.37921972493963,2.7612170688808
-3.18856438293256,-1.23623124283803,-2.7290026737286,3.55027257278562
-2.81696832334728,-5.96826880503265,-2.75840969582809,6.70453114435077
-2.95139990217332,-2.73919246275422,-4.94261499346389,8.01203334517777
-1.15076556434375,-3.60771438008919,-2.8302694962256,8.93791029788554
-3.35641215769694,-3.31121223764656,-1.57797588187103,4.97436589747667
-1.67414622472337,-3.11611057617319,-3.67526264970194,8.39051639661193
-1.18594523132841,-1.95875094871903,2.59255787717774,2.46651514060795
-2.60508701104235,-4.37525685138925,-3.97555246565717,6.98748567514122
-4.01797324229623,-3.20172021027557,-2.39984459338456,4.85313125327229
-3.27652937810507,-6.21335950176673,-2.43193766749758,6.70342345908284
-0.953860948557793,-1.87664770278241,-2.16309829885021,9.31027713604271
-3.43510237212048,-1.34968909133705,-1.82001503981122,3.59553746320307
-3.4864639304992,-2.6029905282783,-1.93246728184655,4.95266899093986
-3.12101185644345,-3.8674948090926,-4.19140308762749,7.3712666220963
-2.82090361638482,-2.00740663475883,-4.90553266899877,8.14515640586615
-4.92063759481666,-3.87147232806541,-2.85447134502058,6.17798620834947
-1.18686668329064,-3.40047301068747,-2.34728958267081,8.62460014410317
-3.9502026975037,-3.2419083145233,-3.26630168377795,6.21676955744624
-4.90706845038517,-3.75508768522397,-3.14969836346574,6.01403860002756
-4.15404143687169,-2.41772396067699,-3.29549149853978,5.3597865588963
-2.97734791527399,-3.61303184248876,-1.96208691797752,4.89838626608253
-1.64440372510193,-1.58193416091821,-0.148610901970768,2.98743128217757
-2.94968591501202,-2.82288088876953,-1.24529125747224,4.38529223576188
-2.8515779519043,-2.78017565991364,-1.18326925092202,4.21341191790998
-1.75778818102233,-2.82022685249504,-4.82036066505393,8.16180284507573
-2.48017457638594,-2.39321950230112,-4.64062871513699,8.22545041702688
-2.56151080800111,-2.13619423999274,-0.156383367027427,3.15029824525118
-5.1658001335853,-3.94736973080544,-2.39349595458124,6.12420920468867
-2.32732819322983,-5.49504888419265,-2.19005765406174,6.77792388387024
-4.36073951333694,-3.0285219885316,-2.72699751535879,6.0467441920191
-3.32721649884593,-3.67244188933093,-1.70226188386939,5.08879706449807
-4.95507493901363,-2.45459659250808,-3.43772084597251,5.40878480672836
-1.00485458415616,-0.55327511958708,2.92624598746123,2.09407787770033
-1.66639857324404,-2.38110166027164,-2.5465149227346,9.35465416312218
-0.812116435711677,-1.73388903435686,1.80164049126763,2.63551754504442
-5.33210772693601,-2.97462665698064,-2.74281698375835,6.05899403803051
-1.95497980149249,-3.2243105508719,-3.11811649000405,8.56137293577194
-2.13589617577051,-6.03081394640123,-2.18651179582173,6.7871633451432
-5.50890490070265,-2.42416625989823,-3.75290707775555,5.39322820864618
-3.58836242838238,-4.46020301654538,-2.34059857782936,6.47448216564953
-2.23528892825284,-2.50433030590267,-3.73389895490938,8.31275577656925
-3.08931841961413,-1.18855563404603,-1.16133595635444,3.34172206372023
-2.75528452472121,-1.06356349953191,-2.61541662712034,9.76361384056509
-5.91398532265499,-2.17825394362424,-3.32641705874191,5.78802478685975
-2.16812783688879,-1.52093465431224,-3.07346528694792,9.43794564716518
-0.29886918232676,-2.19688373456542,-2.38281115660505,9.20751416310668
-3.68903155472842,-2.8223664580684,-5.39634830417979,8.00705750286579
-3.84021039434625,-4.79023837065185,-4.29404353743364,7.41255017928779
-2.41690116754533,-4.92179348390113,-3.05834272753656,7.18410756625235
-0.866223276655906,-1.66119928669114,1.95110384230708,2.58597495779395
-4.84829218638574,-2.62975795478922,-3.44032625319378,5.38846734724939
-4.51372003088391,-4.41949670080278,-2.21695848964163,6.24659491330385
-1.48807664058457,-2.41310780003303,-2.84453553099219,9.54163809865713
-2.64134761854083,-3.01995600863133,-5.32877397948433,7.69779647514224
-3.81461878203453,-2.93523959553436,-6.04192011897551,7.79592460393906
-5.13465762782256,-2.80167489594751,-3.23919114209393,5.76102894172072
-1.83455908803199,-2.07174544741372,1.06169422427412,2.96225804649293
-2.50774681985485,-2.89505180118643,-4.49873147221322,8.26478136703372
-4.689995151336,-1.94885957958168,-3.05043358161665,5.50525917671621
-4.63662034097796,-3.1164647535489,-4.03920516393386,5.45164783857763
-1.05113523764307,-1.37750715650448,3.21645657186767,2.21998303197324
-2.61640116055612,-2.10077073700562,-1.08012731080995,3.17249474301934
-4.4282618003316,-2.57412486655441,-3.62514560030373,5.38076126389205
-2.57073942662438,-1.77174684468983,-4.36163032355321,8.13709739409387
-2.16275535566644,0.771573853625318,3.42668625071313,2.03813156299293
-1.87312219358647,-5.79197360612056,-2.90784099887683,6.82876553200185
-1.06626615500409,-2.73683709576616,-2.94229018715183,9.24461808428168
-3.21544500457827,-2.37697428607591,-5.19924901505392,7.65329225547612
-2.75777400945395,-2.17683997337122,-1.38434066074469,4.100297274068
-0.867494839663058,-3.33892285685687,-2.61774412068983,8.80860975570977
-2.74258824914711,-3.3216992667292,-1.56781438449181,4.66884412057698
-2.97580673235523,-5.03495694789441,-2.59889432691721,6.62627414055169
-4.00782503826637,-2.5246499459283,-2.95487526719979,5.46218504197896
-1.29484219314633,-1.59855773540008,2.44239331105727,2.41276258416474
-3.27025363608883,-2.25511056004358,-6.0309163963989,7.83842630311847
-3.53507508426074,-4.97423570906109,-2.92613834551176,6.38536331430078
-2.78114821243189,-3.34955433226791,-5.32349367159385,8.00977588444948
-1.4873123483728,-1.66258611558015,2.52232821387984,2.40616931766272
-3.63357432468768,-2.24444840420674,-5.83642772047044,7.71972969919443
-2.22243947201744,-3.06165841803306,-1.37061294715676,4.38155565410852
-2.66619071491596,-2.47952977705002,-1.39394957510017,4.26781767793
-1.15799908502752,-3.40817729849524,-2.71862803295756,8.63901701942086
-1.4446024693816,-2.67808972820747,2.52857791667989,2.69116300158203
-2.01051586340906,-1.20487252921306,3.62676349614068,2.34125695191324
-2.57769247814301,-3.44993655496111,-1.28674816938,4.78992647118866
-3.07355131061094,-4.22697007430208,-2.9715336532964,6.33868808113039
-3.12589554354067,-5.21318521350658,-2.49534523289587,6.87568690814078
-3.25534938523744,-2.66008166890391,-2.12876059405566,4.17097678780556
-3.83212976538508,-1.23038688034915,-1.66936633617613,3.64184745587409
-3.49859684194817,-2.66980263597881,-2.50578569915082,5.05305718630552
-5.10554613720179,-2.00548931548752,-3.1765740928631,5.78046492300928
-1.3097933756759,-3.35846688593412,-2.03513043062187,8.68414359912276
-2.04119193451101,-2.28219209760974,0.867681862440165,2.97177197039127
-3.5056916749067,-3.86628097412621,-4.83495025960594,7.40646499954164
-5.38424843923805,-2.58576290919362,-2.88593450648403,5.97348175942898
-0.670802898276461,-2.79552294733498,-2.07673999895372,9.21790198236704
-2.82047560603536,-5.11546406346046,-2.87396805929048,6.41011173464358
-1.57124729221139,-2.07780359031056,0.523890858557957,3.02851741202176
-5.63826076496506,-2.95895676873015,-2.68681088507011,5.5360782854259
-3.42477342903413,-1.38420322000596,-2.29148317579476,3.53838157095015
-4.86679555989374,-2.62950253668565,-2.94124143785307,5.47920497693121
-3.29502298697447,-1.49446731321727,-2.33998682117368,3.80106722377241
-1.92245976480724,-0.966243790155636,-3.15643335403781,9.68877025693655
-5.95109803703076,-1.80451992882172,-2.82655082337502,5.5874197203666
-2.66682968576065,-2.41333853627036,-4.6183329519622,8.21715988218784
-3.11071479835312,-1.9820554082231,-1.07990186738847,3.26575819589198
-1.27482459276768,-2.45193882900605,-2.67811013883213,8.93446866050363
-3.58811150196263,-0.95522789743502,-2.61383863662573,3.64916484616697
-3.23353923654559,-1.23052697834368,-2.58984774190193,3.42359746433794
-2.86603878552492,-0.844973164520455,-1.56503905601144,3.31912917084992
-3.03383060185675,-5.03202883911401,-1.76582163560003,6.52215181849897
-3.36986145952489,-2.6489378310695,-5.67516237950281,7.817448168993
-1.23339182241603,-3.17874039461607,-3.04912338157182,9.00735191255808
-2.5505424050606,-2.49296839817812,-5.80915603569493,7.6673950701952
-5.2487037639416,-3.54538069271131,-3.83719985428926,5.81970568746328
-1.26525210872829,-3.2094796192948,-3.75034609381088,8.56223994866014
-1.06849383188605,-0.756139504473857,3.24043149277486,2.13289768621325
-2.37041760588763,-1.70005700193613,-3.12275411195291,9.96888880990446
-1.76526197077626,-5.00646393024202,-3.18291999081023,7.07915868610144
-4.43333018156921,-2.5635782163807,-3.32535804862744,5.42780304700136
-1.4250790054405,-1.62756082953637,2.15576183512711,2.22714346274734
-2.66285648389902,-2.65944141674515,-5.50144577838468,8.02666160464287
-3.28216278169486,-1.13179958468532,-2.61168967296337,3.66907180286944
-1.97133367566806,-0.632600574374454,-3.33778105674073,9.99564324133098
-1.78592199882634,-2.27232262706955,-2.79921765329985,9.25799354538321
-2.90387386526136,-2.4864408269311,-5.22133237243386,7.69972025416791
-2.28781952998682,-2.48283987919386,-5.60818443285531,7.84746307134628
-4.82224063276054,-2.44142691455208,-4.10926414073463,5.7799033690244
-0.856283979402408,-3.14016973995433,-1.772543553999,8.90008549578488
-2.91611924017815,-1.79076375110594,-0.825339468893392,3.32332097925246
-2.45195123640582,-5.33339493491093,-2.07149074825685,6.96342340484262
-2.15624261629263,-2.53690294492064,-1.44965469009512,4.33865115977824
-4.95992570482544,-1.53864444406354,-2.47202412320101,5.64913387037814
-1.15453154195926,-1.66151777945731,2.67286452942344,2.36511367186904
-2.61802203917057,-1.25358982780921,-1.86141800917209,3.42129401676357
-1.24036234806904,-2.7122259451771,2.1053993807032,2.46345654316247
-1.60751081886972,-1.87927561205365,-3.72778023547871,9.55528186820447
-2.05817130011489,-2.79430181759476,-0.991744899802644,4.7419477943331
-3.40169046723104,-3.81941841576173,-2.38650140784342,6.14360456541181
-2.5571512576954,-5.1087070178363,-2.70849844850869,7.00196268223226
-3.49001328352757,-1.47690539465658,-1.92905404906385,3.89811882935464
-4.73561715514583,-4.03620968948079,-2.81088669292476,6.12899131514132
-2.00920240032687,-3.03849267883434,-3.4490836626252,8.45233462192118
-2.34467909694223,-3.20448026166931,-0.689981656026697,4.78611787594855
-0.813939446840806,-3.25041688131591,-2.72293448587471,8.86949962377548
-0.929352530722832,-0.984119532811577,2.40897247207656,2.27551008947194
-2.48628984797664,-1.34802748263531,-3.02566461244675,9.7679771669209
-3.50015243144125,-2.98570176691558,-5.67507958806349,7.96088108979166
-2.21108900084669,-2.32536980187097,-2.14265276825413,4.1860419344157
-2.91291197199964,-3.13898462237168,-5.24069568864897,7.41684881225228
-2.96347158842675,-3.22582845945679,-1.28187415023852,4.78357974439859
-2.27822872153628,-1.53522293681826,-2.39709181683608,9.57616417296231
-2.71511069725708,-3.42991408626827,-0.729808469838051,4.70899019949138
-1.25988876958331,-0.390410549081111,2.26080311655915,2.25370563194156
-2.89014276805842,-2.83607597608574,-1.50706420105729,4.82868638075888
-2.98824101781962,-2.41253088749976,-1.47795956673175,5.0969887021929
-2.64079899513727,-3.00875400107352,-1.07603685499882,4.85557728074491
-1.94279167721261,-1.14844153909512,-2.81924338660639,9.67974884808064
-3.42368237911348,-2.81418239316664,-2.130307052276,5.06990563869476
-4.01045893781607,-4.59227601538095,-2.08510532356167,6.37070096842945
-1.5306464114005,-2.46841256650053,-2.55058478046718,9.40258780680597
-0.848830187357395,-1.31923078027091,-2.97422696485857,9.33487621694803
-3.71422822230093,-2.31611919606269,-2.460707218399,3.94186394289136
-2.76367958589776,-2.32072635610458,-5.76323592889306,7.73672671057284
-2.74846239517393,-3.7896301162797,-2.07334404644066,4.79156828671694
-3.33108449184395,-5.3058536739745,-2.15537547386862,6.4342668056488
-3.06495501861531,-2.80682853473099,-5.52026352388591,7.9437793046236
-2.09463283871714,-3.62319477915146,-4.09859363358088,8.55758654884994
-0.756031939554619,-3.05110341350368,-2.96280590248765,8.95725812017918
-1.69103455891568,-1.46270193726152,2.82182841186056,2.28692107461393
-2.8562358042205,-1.37563337582109,-1.91762088161307,3.76019522733986
-3.28263093677092,-2.37831242848318,-1.69166874424391,4.935785677284
-3.21125755048566,-2.80822913493409,-1.69636204204375,4.44557153619826
-3.50444997641623,-3.25861952260627,-5.9452224119685,7.82264366000891
-3.39906178429387,-2.84587679899072,-4.22448201605188,7.59783012978733
-1.5289179274687,-2.29992639690363,-2.24798975086413,9.28048741444945
-1.18681430688534,-2.4144005674677,-2.52604998385797,8.76482087746263
-2.70570262531014,-2.55046584373075,-4.55227045114514,8.22835712134838
-4.15384485718674,-2.90952755686763,-2.61176627828818,5.2067474257201
-2.85682128404612,-5.99120728563579,-2.11986060738507,6.61443727090955
-1.70999373160024,-2.20509446196339,2.02378504824651,2.61087556928396
-0.585967975618645,-2.50777587712908,-2.74700270521718,8.98379880562425
-1.98038211149532,-1.68206250876608,-3.302536603754,9.65028588473797
-5.22641923794969,-3.62535873855157,-3.03940354477563,6.04424863867462
-2.26047319944616,-1.61635380543027,-2.58789526947359,9.39493091031909
-2.35223728777965,-1.50720228281848,-0.867824220793866,3.07610826194286
-3.43389713272018,-1.88979693424985,-1.4146795896844,3.90989602543414
-5.18677648301628,-3.09949242426175,-3.13001904226049,5.91970097646117
-5.10032739108539,-2.71852082664778,-3.12884910233917,5.7924807742238
-4.6198367986045,-2.02683895614505,-2.89487852046835,5.47995327226818
-1.83600021675501,-1.23023338132379,2.37664144765307,2.31399168074131
-2.97928854011841,-4.71058707636167,-4.21248129305009,7.15464812144637
-3.23586247002357,-2.07155879006716,-6.04172630086132,7.72453760169446
-3.07222114299229,-2.93709257925348,-1.31763764354663,4.81333377026021
-2.48310524179749,-1.03035128211064,-2.90098471356223,9.57245399057865
-2.72361074770131,-1.83511293596379,-5.95991688445142,7.9448520578444
-1.24461565011474,-1.77949075049513,2.48929185526472,2.40628736279905
-1.86478298120238,-1.01985104630339,-3.73968916255361,9.84291824698448
-3.79095348831542,-1.34023400393567,-2.17209044531047,3.74257962033153
-1.56727722278319,-0.953371090262884,2.46027535109431,2.28956801630557
-3.45960707385719,-2.45930185132735,-2.17411636256659,4.0856309235096
-3.52362423212163,-2.56659071968924,-5.54639466442866,7.76332628726959
-3.03910028522811,-2.2537556489492,-1.61264144288546,3.98315344937146
-3.56529436953945,-1.55553530629491,-2.91284573936107,3.87932633236051
-2.06879886093568,-0.878754225979459,2.60802942396345,2.16809474304318
-3.46676669742676,-2.4397883247228,-1.01502902423314,4.11696502193809
-3.69955184627799,-2.68720290574268,-5.05897380419382,7.53441295586526
-1.79765645921825,-1.21331596157862,3.72508294053765,2.27735512889922
-0.534286041559748,-2.26068512433012,1.80819361561039,2.50228903628886
-4.14266136627402,-2.61074972165615,-2.46298535895677,5.18164873495698
-5.96999683313929,-4.10403603350359,-3.56680436261681,5.92022739909589
-3.12335849408832,-5.15717182095167,-2.85844041666409,7.04838998056948
-3.24283380421391,-2.54042051291096,-5.12269485895921,7.7872344981879
-1.40451806269298,-1.29108706483665,2.28597544174336,2.61412633955479
-4.60034965443789,-2.79767962268601,-2.30190594167,5.37156864441931
-2.22404051200904,-1.37207884176286,-2.79461606487012,9.7898134868592
-1.33698907872079,-2.19050119943691,-3.90662914713326,8.5104462672025
-3.00782316105984,-1.34914435887365,-2.42197533471879,3.79014178365469
-5.10647438450794,-2.90180638885671,-2.79432030935394,5.91793844662607
-1.74437510414974,0.135026077596858,2.0394007070267,2.09072154387832
-2.56986513156691,-2.39006639828952,-1.76096472444414,4.06881837546825
-5.56012508501057,-2.92735426559562,-3.47074092879782,5.63679017499089
-2.68908397940697,-2.2157960128885,-5.67973592964455,7.92781350575387
-2.10934322031721,-0.872442068190635,-3.50892192559997,9.92528009414673
-2.72585993966736,-3.34301848351237,-1.13941403129168,4.65763956867158
-2.30090960590427,-2.08062244451888,-3.03583544901758,9.55833124369383
-2.32347038584787,-1.54389846525521,-2.96472058526083,9.69482735916972
-1.34705526031512,-2.36075651458641,-2.55973651538844,9.19421999715269
-5.25206267186282,-3.35009153544045,-3.00048235557381,5.94172668084502
-2.35335264089863,-2.62152767231275,-4.07749084096045,8.27948382310569
-2.17680673946899,-2.51596797584898,-3.92232209363781,8.42495237663388
-3.36878080846771,-3.29576068833812,-4.49357438938003,7.4221409894526
-2.28539121708367,-6.08413488839887,-2.01148605729769,6.65022062882781
-2.54144385371345,-3.24832357176127,-1.2432295729644,4.64534469880164
-2.51274950135581,0.380129016644125,3.15583813016329,2.01051725260913
-1.38561394198648,-1.6857171855561,2.34869926949293,2.52641571313143
-1.28600427776054,-2.1555926392657,2.25950368946053,2.68761533871293
-1.47727122663545,-0.672354880527416,2.71719656437561,2.10487773455679
-2.50702130589522,-3.44545527586954,-0.987814690120621,4.68596499413252
-1.8461265405448,-1.6702831037653,0.96292886194277,2.95411453209817
-3.09657603594045,-5.27893465674231,-3.36333663703282,6.74876356311142
-1.09735378036931,-0.447308821907527,2.38126903864561,2.29850140586495
-1.83292839981233,-0.382960858940962,2.49325215303115,2.07657433487475
-2.5093984066149,-1.69390732336598,-0.689165102811006,3.29276900738478
-0.69435704729426,-3.34382639338391,-3.29706497132358,8.65519190579653
-2.62277860961068,-2.24052318490238,-5.06211248756054,8.13474203459918
-2.95701496351119,-2.48533583931122,-1.73495042607777,4.18224253132939
-3.49332032399838,-0.622086218589132,-1.51422537236987,3.50530639104545
-3.51913182629613,-1.30492312548568,-2.09115386329391,3.80609467811882
-1.5831807571068,-1.90572158134423,2.34477820614,2.49576294049621
-1.07450063105684,-1.18038956568741,2.12633352815768,2.47920192778111
-3.12131429298993,-1.42723766379125,-0.391880678087058,3.18524696305394
-1.92630247379095,-1.90021664495048,2.14080119047463,2.58390308730304
-1.61403945733777,-1.37675569547721,1.57229760106586,2.34308713488281
-4.27938294527752,-3.93795925478149,-2.46706582102909,6.17969017848372
-2.18932980688074,-3.15669863378133,-3.94821576676649,8.31385191529989
-3.34215668174316,-3.67598729405683,-5.52883563773015,7.55802678503096
-0.946001923561482,-2.15267193357192,2.36796090433401,2.53260837867856
-1.86535165294935,-0.354143485428268,2.54912602172076,2.14366197213531
-5.33969700422049,-1.70896248871665,-2.41065817289564,5.5372673869133
-2.69893990274921,-1.01133892965251,-0.946603762253979,3.26081666536629
-2.75989877792808,-2.81979725500589,-5.09832158761929,7.75088092684746
-2.66922571117179,-2.56651885216942,-4.97726615728359,7.63153466023505
-0.40857409853496,-3.24191478215207,-2.87200210079902,9.08181043900549
-2.04186532509361,-3.22881011449897,-1.51458827545565,4.60208812169731
-1.97012039828797,-0.89928866341887,-3.08092686260316,9.76705253310502
-1.34060277079487,-1.62087386872765,-3.26944027527355,9.87856213003397
-0.574321535732543,-0.774169074845117,3.08513251641199,2.31347774155438
-0.454235706822279,-2.93793858659135,-2.58500741464509,9.1485703047365
-1.58750886478292,-3.88325481417615,-2.88953007509597,8.57919321022928
-3.59539947529604,-3.11151769921938,-6.36322397847976,7.79395754262805
-2.5741921360138,-3.63482495529531,-1.66294708925833,4.31136110238731
-5.51993482629959,-3.37899043375989,-2.97859621174916,6.01558883674443
-4.81001064526925,-2.18308290038891,-2.90015565811162,5.42677601054311
-2.75907495245699,-5.81317745181405,-3.18217224622534,6.88012812845409
-1.10963096350427,-2.46109931044042,-2.98229514986633,9.40890539251268
-2.32488148735123,-1.93618110348858,-2.32466823963259,3.92098606191576
-2.46952034897285,-2.50438376935481,-1.33326778779377,4.17505467124283
-2.81895992140663,-2.44029562536308,-5.46967363506624,7.88002917170525
-2.92241742490009,-2.36112420534559,-5.29787062818492,8.01236698403955
-0.688690783807225,-1.96643154881289,-2.59529266006535,9.44473536685109
-5.65252221433887,-2.51769520518556,-3.37664599517404,5.70184219814837
-0.385275264318021,-2.66096701173919,-2.50165620946885,8.88552941381931
-1.82878323215776,-2.54287006186408,-1.21031002443643,4.49629135616124
-3.24128879783304,-1.62564794747728,-2.2304479173453,3.66431210748851
-2.68290606572753,-1.89407162162809,-2.74602297018247,9.36661973781884
-1.3897545232431,-1.70686130130223,2.85730848068021,2.42189507372677
-4.16826697021517,-2.15417322462741,-2.66962013384275,5.28924344852567
-6.07511048737782,-2.07735123564371,-3.20982310154198,5.65072972141206
-5.03015588349299,-2.19972520011471,-2.92407230827147,5.32688198052347
-2.57164075044953,-4.04538017913599,-4.22308945141544,7.36282761394978
-3.97846617799654,-2.1480869148136,-4.94039583556576,8.05523264035583
-1.13051263123,-2.01156217542535,-2.96664456741115,9.29321051575243
-1.65854111334637,-3.65338652644177,-3.01143416571225,8.55961668677628
-1.68204181386453,-2.70000037270045,1.33860276208515,2.74919882044196
-3.04169755389787,-0.707204953382437,-1.8744217255091,3.42324865050614
-2.62010538033702,-5.0648297724498,-4.63320631768153,7.1377166416496
-0.790925567704735,-2.44097316727,-2.83871322880141,8.99426395073533
-2.64886719290028,-5.38469181266155,-2.34311874143199,6.73850680328906
-3.18471871712843,-2.7260768261787,-0.952918539588635,4.09945753775537
-0.810358034416269,-3.04698076030723,-3.39194774107365,9.07001811265945
-2.62665153156772,-1.73491235050725,-1.91603115018099,3.50151477009058
-5.27440716198437,-2.80364145141327,-3.51327624542413,5.91093585826457
-1.26970735265683,-1.41762837342918,2.90858995613693,2.07856389693916
-2.91627169050536,-2.75121755826318,-1.40466518751787,4.88347234576941
-5.06055026820917,-2.32365150984047,-3.62229677516953,5.53729352727532
-1.83204948039841,-1.69679769501592,0.0243523695134399,3.00583377107978
-2.83012792038425,-5.44432419322489,-3.15457717164516,6.9949163813144
-2.84734343471738,-2.4866678827277,-1.86566793949346,4.41945065371692
-2.45645330751422,-1.71677187882377,-2.83052681718348,3.91709782555699
-3.10120339460238,-3.64034525714739,-1.82710818691652,4.86903810873628
-0.599122690747139,-2.70628128478489,-2.79946807745583,9.14328330010176
-2.15295178352174,-0.547891155915049,-3.70374815433927,9.92501812055707
-3.57445426396138,-3.12957874083142,-6.05726169965885,7.85936957970262
-2.63647229341806,-0.928563295015651,-3.02135572797974,9.94230470620096
-4.60110982592007,-4.79543313215116,-3.19086007518514,6.31831489689648
-5.85940500123539,-3.09429528839391,-2.59179231623933,5.4704140946269
-2.41801774529167,-0.340966764029345,-4.02426258110277,9.71738939359784
-2.14838053162502,-1.56487213328777,-0.997293826984995,3.18655714578927
-1.4461858981973,-1.8562175171169,2.40747367834288,2.5319444462657
-0.921331180871306,-0.590916347016368,2.347730331006,2.19401190429926
-2.59979064615765,-6.19287640512624,-2.93484862819347,6.8993859346956
-3.53011273535788,-3.08550287605908,-5.72577674487037,7.57286998443305
-2.08355558652323,-2.45447280547133,-3.46512689926272,8.40913509763777
-2.54000172809815,-1.26704500285761,0.0487923841983542,3.10184227116406
-2.94776253779536,-1.65770345997884,-0.760241351364498,3.27827858179808
-2.03942952168881,-0.310476881251573,-2.93699547484454,9.91066874377429
-3.88008486992064,-2.23363666127558,-1.71032455772273,5.18916556425393
-2.88057658212644,-0.889785848235097,-2.01319606887656,3.50329452939332
-5.42916442291425,-1.99891776479814,-3.19919866289664,5.82182592898607
-3.65326659444883,-4.2218446255593,-3.20697857041814,6.35387218184769
-2.38588005148708,-3.07923501112131,-1.39096149248307,4.62526384554803
-2.2416214473042,-1.66787818575448,-2.57721332702811,9.9994447492063
-4.3555379818753,-3.78209639605423,-2.74959165529844,6.22225468792021
-2.04905047109382,-1.85700651548015,0.729983788112409,3.06987606547773
-5.36724828486494,-2.78726280388636,-2.38762869349396,5.50832054205239
-2.68044510600803,-5.48761276826342,-3.3617392669554,6.96635151840746
-2.8510130870088,-1.65258396634809,-3.04650585664549,3.62329929694533
-1.68777144247128,-1.39329123876281,0.481863612119466,3.07335818186402
-2.45676977575351,-2.80336658052985,-3.82140070121746,8.21467198431492
-2.74900579527933,-5.59963285534579,-3.0774467022776,7.08759878948331
-2.06869324141961,-2.66238801817889,-1.57463593359152,4.25709037296474
-3.71228512306936,-1.73026967224081,-1.97269844186917,3.53007564879954
-3.29794993927186,-2.90032425870359,-1.58907036322883,4.12429375946522
